patient_id,ho_ten,cccd,ngay_sinh,so_dien_thoai,email,dia_chi,benh,ket_qua_xet_nghiem,bac_si_phu_trach,ngay_kham
bdd640fb-0667-4ad1-9c80-317fa3b1799d,Quang Phạm,381994237615,26/06/1954,0953007282,maijohn@example.net,"338 John Số
Thị xã JaneThành phố, 895667",Huyết áp cao,9.48,Quý cô Thành Vũ,31/01/2026
562b0f79-c374-49ee-b50b-ea63371ecd7b,Hà Bùi,863972747539,27/08/1948,0941241777,jane94@example.org,"18 Hoàng Tổ
Thành phố JohnPhường, 338968",Khỏe mạnh,9.35,Vũ Phạm,18/06/2026
7412b293-4729-4739-a14f-f3d719db3ad0,Phúc Phú Đặng,583990156272,03/01/1964,0852235648,john92@example.net,"64 Jane Đường
Thành phố JaneThị xã, 380746",Tiểu đường,6.41,Lâm Hoàng,20/06/2026
a7cad415-366e-416f-908e-bad7b7c93acf,Quý ông Bảo Lê,994500208956,18/07/1971,0736592031,johnmai@example.net,"6 Phạm Hẻm
JohnThành phố, 214975",Tiểu đường,7.14,Chị Hải Bùi,26/04/2026
988c24c9-61b1-4d22-a280-1c4510435a10,Bác Tùng Nguyễn,648855636231,31/01/1951,0948963341,jane14@example.com,"4 John Khu
Quận JaneQuận, 665579",Huyết áp cao,6.63,Duyên Đặng,05/04/2026
5cec4eb5-edd9-4831-9ca3-5cfb04fc6d82,Quang Nguyễn,972096948239,10/04/1968,0591003280,tranjane@example.org,"Quận JaneXã
89 Phạm Làng, 847581",Tiểu đường,7.9,Thành Đặng,27/03/2026
1efa2197-7394-488f-847f-d9b4e64d1bcb,Chị Hương Đặng,343556991859,10/05/1938,0378840245,johnnguyen@example.org,"105 John Khu
JohnXã, 238739",Tim mạch,3.79,Anh Châu Bùi,06/02/2026
6e595ed3-a8b3-47fa-98d0-752b1825bc54,Huy Bảo Dương,558051449104,12/11/1942,0565129512,nguyenjane@example.net,"338 Lê Số
Huyện JaneQuận, 179046",Tiểu đường,8.97,Ông Hưng Mai,12/06/2026
ed2662e9-17e0-41b7-b810-238303c72ba8,Chị Hồng Dương,789189376665,02/01/2001,0863125547,janenguyen@example.org,"74 Mai Dãy
Quận JaneQuận, 161324",Huyết áp cao,9.88,Yến Đặng,12/01/2026
80bacd64-7a0e-4fea-958c-a9ba0cd620c2,Cô Phương Trần,361979120042,13/10/1960,0758581520,hoangjohn@example.net,"939 John Số
JaneQuận, 802258",Khỏe mạnh,4.47,Quang Đức Bùi,26/01/2026
750cab75-4ccc-4bc2-a53f-8a28abf3e3fc,Vũ Văn Dương,707601326484,06/02/1949,0894208164,maijohn@example.net,"354 Jane Khu
Huyện JohnQuận, 377312",Huyết áp cao,6.36,Hà Mai,31/01/2026
35ebd32d-9ad6-40ab-8821-2ddb45b89cd9,Trung Đức Mai,074931631346,25/12/2001,0563963589,john16@example.com,"427 Mai Đường
Thành phố JohnXã, 137778",Tiểu đường,10.39,Nhiên Trí Bùi,25/01/2026
e623a689-5d59-4d2a-8eea-04e70ab54bde,Xuân Đặng,735482866396,31/01/1964,0367847067,johndang@example.net,"2 John Hẻm
JohnQuận, 872343",Tiểu đường,6.42,Huy Hải Vũ,31/01/2026
61ee411a-1bac-47a7-b386-f7a4c991603f,Ánh Dương,340388819652,07/10/1965,0920427386,janedang@example.com,"036 Vũ Ngõ
JanePhường, 634150",Khỏe mạnh,11.32,Hải Tấn Nguyễn,23/01/2026
2db69edb-42de-4fcc-b86c-2ca2e08596db,Hưng Trần,700977155608,21/08/1994,0806868146,jane69@example.net,"06 John Tổ
JohnPhường, 446239",Khỏe mạnh,9.6,Tú Thế Mai,02/03/2026
6703b636-5380-4904-a88c-7015aab97e49,Tùng Lê,361492387079,08/08/1961,0306738971,rbui@example.net,"80 Vũ Làng
JaneThị xã, 563246",Tiểu đường,4.72,Anh Minh Dương,04/06/2026
bc67f831-cbc8-4759-b5b7-8cc7e6b3c944,Cô Hạnh Mai,592744152680,10/02/1981,0923075021,phamjane@example.org,"037 Jane Số
Thị xã JaneThị xã, 355836",Huyết áp cao,8.98,Cô Hà Bùi,12/02/2026
b227462c-f53d-4330-8dda-24ba2d06e8cf,Ông Tùng Phạm,121787557751,04/01/1952,0772171903,zle@example.com,"98 Mai Dãy
Thị xã JaneHuyện, 888295",Huyết áp cao,4.17,Bà Vi Mai,05/04/2026
709b7d97-464c-44af-bd3f-3799a07295e9,Nhật Vũ,926772057434,29/05/1967,0759831530,jane58@example.org,"23 Jane Số
JaneThị xã, 165290",Huyết áp cao,7.32,Quý cô Hồng Hoàng,16/05/2026
c3fe0183-e172-4725-9b52-ca5805000bc6,Nhật Văn Đặng,648509779540,19/02/1976,0503841161,ibui@example.net,"34 Dương Đường
JanePhường, 812131",Huyết áp cao,5.45,Nhật Xuân Dương,28/06/2026
88bc539c-9f4c-4b79-bb10-987f20ac3703,Xuân Bùi,232213778723,08/03/1939,0962830128,buijohn@example.com,"53 Đặng Tổ
JaneThị xã, 364525",Huyết áp cao,10.17,Nhật Nguyễn,26/05/2026
f3b1025b-fff9-4585-8d55-7b618a175dfe,Quang Quang Nguyễn,092995062082,19/09/1939,0314275345,johnnguyen@example.net,"19 Jane Khu
JohnXã, 736745",Tiểu đường,10.54,Bảo Vũ,21/01/2026
4fdc6e1b-edcb-4cb6-8692-dc639424aed5,Kim Hoàng Trần,714248796989,18/07/1968,0777737597,vujohn@example.net,"6 Trần Tổ
Thị xã JaneThành phố, 554582",Khỏe mạnh,10.23,Bảo Trí Bùi,04/02/2026
a6846099-f729-4951-8591-31d2bbda0242,Trọng Mai,528499554040,18/04/2001,0806906032,ubui@example.net,"473 Hoàng Số
JohnThị xã, 992288",Huyết áp cao,8.76,Phúc Mai Bảo Phạm,10/03/2026
4797b2c9-5720-4246-8223-623bcc3ebdde,Tùng Nguyễn,059791164651,21/10/2005,0536009429,johnpham@example.net,"7 Dương Đường
Huyện JohnThị xã, 825391",Tiểu đường,10.85,Bà Dương Hoàng,13/03/2026
58007c02-87ea-4ff5-8db0-674679279973,Nhật Tấn Đặng,182934307470,31/03/1997,0728412077,jane43@example.org,"823 Jane Khu
JohnQuận, 410636",Huyết áp cao,8.05,Bà Lan Vũ,03/01/2026
4639447b-2067-4dac-88bd-13d1b540b30e,Ngọc Mai,703991968338,03/04/1975,0599259288,janetran@example.org,"75 John Khu
JohnThành phố, 520172",Khỏe mạnh,4.22,Ông Nhiên Nguyễn,30/01/2026
f2f9e5fa-9016-4161-8fa7-01cd2631d00b,Vũ Phạm,925561786547,13/08/1951,0328461931,mhoang@example.net,"74 Vũ Đường
Quận JohnHuyện, 792509",Tim mạch,11.31,Bảo Phạm,03/02/2026
00af5b3a-2812-459a-9337-739e8d4f5d27,Nhật Mai Bảo Vũ,066339800876,08/12/1939,0888805975,janevu@example.net,"3 Hoàng Làng
JohnXã, 335729",Tiểu đường,7.41,Bà Bảo Trần,12/01/2026
9854ce4e-4ebf-45c3-8ae9-b4a72a79ea68,Bảo Trần,134177567081,14/04/1999,0360349435,jane48@example.net,"0 Đặng Khu
Thành phố JohnPhường, 976566",Khỏe mạnh,10.61,Vi Vũ,22/04/2026
2cd94cbb-c19a-458c-835b-1c8c0a4c9f7f,Quý ông Anh Lê,721080221225,25/10/1994,0318136044,etran@example.com,"1 Jane Số
JanePhường, 519904",Tim mạch,10.52,Chi Trần,03/03/2026
f85e06a1-1dad-49b2-92c2-1221409d3602,Phương Văn Mai,623616639691,14/05/1998,0923058180,mnguyen@example.net,"7 John Khu
Huyện JanePhường, 608257",Khỏe mạnh,8.96,An Hoàng,05/06/2026
4f8d5238-288b-48b5-b5b4-53ca3d42993c,Vân Bùi,796387982711,06/03/1948,0783143741,johnduong@example.org,"48 Bùi Dãy
JohnThị xã, 678043",Tim mạch,4.31,Quý cô Lâm Hoàng,09/04/2026
dd30de89-22f2-45f2-a11b-868dbf0d073d,Hạnh Bùi,092359399279,01/10/1981,0518208412,john44@example.net,"787 Đặng Số
JaneQuận, 831380",Tim mạch,4.9,Quý cô Mai Bùi,09/01/2026
b489d070-7914-48a8-bea4-ff31517400f8,Kim Trí Dương,063400959082,13/07/1940,0357373898,janetran@example.com,"262 Jane Khu
JanePhường, 184216",Tiểu đường,9.11,Tùng Hữu Đặng,02/05/2026
7cea2045-c268-483e-a32f-2e63b7fddd71,Duyên Trần,230463017226,12/06/1967,0912345071,john16@example.org,"24 John Tổ
Huyện JaneHuyện, 551607",Huyết áp cao,5.37,Chị Phương Bùi,20/04/2026
2b840c67-2e18-4554-8ae2-8e66ae8a7813,Cô Khoa Bùi,613841838062,08/04/1968,0854866187,jhoang@example.org,"40 Vũ Hẻm
Thị xã JaneXã, 413685",Huyết áp cao,7.86,Nhật Đức Dương,14/06/2026
627b41a1-ffd6-4232-b2ff-e2944d57d880,Ông Quang Bùi,860991054678,06/05/1984,0785899358,jane06@example.com,"7 Phạm Tổ
Quận JanePhường, 892280",Tiểu đường,6.53,Cô Hải Nguyễn,01/03/2026
945ef2e4-088a-43ec-b0d9-c9f8c9e26074,Hoàng Quang Vũ,949218415600,17/12/1979,0843966054,mle@example.org,"8 Lê Khu
JanePhường, 455168",Tiểu đường,8.91,Nhật Trần,28/01/2026
dc322c97-39c1-4262-b76c-8edec1101266,Phương Phú Trần,187248151508,12/03/1989,0740824513,vujohn@example.com,"6 Trần Làng
JohnXã, 688678",Khỏe mạnh,11.4,Trọng Hải Trần,04/05/2026
b379cb1e-e8cd-40cc-b6da-3ca0d2e82f38,Huy Trần,890489573748,08/07/1954,0825980174,nguyenjane@example.com,"2 Dương Tổ
JohnThị xã, 786735",Tiểu đường,7.74,Nhật Hoàng,21/03/2026
08601833-479d-4cda-b396-ea37f065c817,Trung Mai Dương,329131484914,18/08/1967,0585158840,john58@example.net,"31 Trần Làng
Thành phố JaneQuận, 232040",Tiểu đường,11.29,Cô Ánh Mai,10/02/2026
dea45c19-d024-4d72-b748-967f961d33ba,Bà Vi Lê,178986413923,17/11/1935,0818924085,john28@example.com,"0 John Tổ
Huyện JohnQuận, 378258",Tim mạch,3.58,Lan Bùi,13/04/2026
79eb4168-1045-46e5-bee3-eb791d181ee9,Bác Minh Hoàng,383745850671,03/05/1950,0368947310,omai@example.net,"00 Bùi Số
Thị xã JaneThành phố, 184714",Tiểu đường,10.33,Trọng Trí Trần,25/01/2026
95da75c1-a211-40f9-9fd3-4579466772ce,Thành Thế Dương,276947627217,19/04/2004,0597927873,ytran@example.net,"73 Đặng Dãy
JanePhường, 199704",Khỏe mạnh,9.63,Huy Tấn Vũ,14/03/2026
ec48bf55-afd3-40c4-a713-582cf41ea3ac,Ông Vũ Trần,222170683702,07/03/1948,0596935648,vtran@example.net,"0 Trần Số
JanePhường, 153945",Khỏe mạnh,6.64,Trọng Vũ,10/03/2026
36760ce5-81e5-49f6-93f2-77cc1a85910d,Quý cô Lâm Trần,025895000871,22/02/1983,0387165929,john49@example.org,"4 John Khu
JaneHuyện, 106402",Khỏe mạnh,3.88,Chị Khoa Bùi,14/01/2026
f8c88fae-a217-4f84-bdb0-25ff2451e5a4,Hương Mai,420859640693,09/10/1964,0985519384,dbui@example.com,"5 John Hẻm
Thành phố JohnHuyện, 564637",Khỏe mạnh,5.69,Nhật Mai Bùi,23/02/2026
1d2324e6-8329-40b7-8143-f426372f871a,Huy Đức Vũ,615815216426,21/09/2001,0519967206,john36@example.net,"32 Vũ Tổ
Thành phố JanePhường, 551574",Tiểu đường,7.02,Chị Kim Mai,17/05/2026
d556b37d-8f08-41ee-8011-316b3ae88926,Vũ Hữu Nguyễn,345539777548,11/11/1994,0916083102,duongjohn@example.com,"6 Trần Số
Huyện JohnXã, 582446",Tim mạch,6.45,Vũ Bảo Trần,17/02/2026
862268d1-6683-4107-96c0-44d06f887f28,Kim Vũ,608327991946,13/09/1981,0733457391,janele@example.org,"8 Jane Tổ
Quận JohnQuận, 368402",Huyết áp cao,8.15,Chị Duyên Lê,28/05/2026
2d5972c6-134a-4a2f-a7cf-705cc257cf73,Quý ông Nhiên Hoàng,309067852104,03/08/1996,0547911299,jane27@example.org,"90 Mai Ngõ
JaneThị xã, 139434",Tiểu đường,6.41,Linh Vũ,15/01/2026
daf481a7-fa34-42e8-9d3f-7d7ea508dc95,Khoa Hoàng,100766276464,03/07/2004,0978950173,lduong@example.net,"93 Hoàng Dãy
Thành phố JaneThành phố, 950360",Huyết áp cao,6.67,Vũ Xuân Nguyễn,18/02/2026
707df251-fdb1-429e-b010-ed13b526b22d,Bà Thành Vũ,395754491040,21/03/1988,0823133690,rdang@example.net,"518 Vũ Khu
Huyện JohnXã, 795847",Tim mạch,3.96,Bà Hạnh Bùi,26/01/2026
15b02530-f020-4992-b576-255e98549f22,Tùng Bùi,875834461006,13/03/1980,0562822103,johnbui@example.net,"23 Dương Làng
Quận JohnThành phố, 410160",Tim mạch,5.89,Phương Mai,12/06/2026
09a9d1c1-86ca-46f4-a238-fe93bd17c5e8,Trọng Trí Hoàng,132356334279,06/10/1986,0702728990,johnle@example.net,"7 Jane Tổ
Thị xã JanePhường, 921874",Tiểu đường,11.17,Anh Tùng Phạm,02/03/2026
78116802-c8cc-4cfe-8f01-f944f7315749,Bà Dương Hoàng,021919082071,17/06/1995,0720520316,xvu@example.com,"392 Nguyễn Dãy
JohnPhường, 986982",Tim mạch,11.52,Hạnh Trần,29/05/2026
e7c225da-7306-4588-85d5-a68d290a3abb,Quý cô Hà Phạm,547518864190,21/11/1996,0397033486,john60@example.com,"15 John Tổ
Huyện JohnQuận, 140163",Tiểu đường,9.71,Châu Lê,28/05/2026
9d8776a0-72d7-4bdd-b817-99ffb49e04cc,Xuân Trần,334760859267,29/01/1938,0564055493,john28@example.net,"434 John Làng
JaneThành phố, 216242",Tim mạch,3.75,Ông Minh Hoàng,16/02/2026
6de299a1-4a90-4d0c-a4c1-73b9b7f28572,Duyên Đặng,674783207364,26/03/1968,0530365404,qle@example.net,"888 Jane Dãy
Thị xã JaneHuyện, 883618",Tim mạch,9.27,Linh Trần,08/03/2026
a0d572c8-a837-4e68-bba2-05ca3dba6da8,Khoa Đặng,384861557904,25/08/1953,0881791152,dangjane@example.net,"7 John Ngõ
JohnHuyện, 311383",Tiểu đường,11.79,Vi Phạm,22/06/2026
4f612217-eef1-4694-90ca-e32d0aba590e,Phương Mai Bảo Vũ,024308679587,23/06/1940,0332385268,janedang@example.org,"15 Bùi Dãy
JaneQuận, 620306",Khỏe mạnh,10.08,Bác Minh Vũ,05/06/2026
14348f62-6cac-428c-ba22-006515260718,Khoa Xuân Mai,444978223029,23/06/1975,0766164788,john15@example.net,"6 Jane Tổ
JohnPhường, 469685",Huyết áp cao,11.02,Hạnh Thị Trần,11/05/2026
83599af6-5d01-455f-a7fd-64c4a334058a,Cô Bảo Hoàng,143962644478,16/02/1995,0864903628,lejohn@example.org,"69 John Dãy
JaneThị xã, 900152",Huyết áp cao,11.89,Khoa Lê,13/04/2026
a6499cdc-507b-4072-a5e5-8f345df06e8c,Quang Trần,060329928812,08/01/1939,0566306906,janemai@example.com,"47 Jane Dãy
Thành phố JohnThành phố, 574001",Huyết áp cao,5.32,Quý cô Hà Đặng,10/05/2026
8ccc9cea-109f-48ee-b5a4-720058f0dd23,Khoa Lê,981506059802,10/03/1959,0909712567,john13@example.org,"589 Dương Hẻm
Thành phố JaneThị xã, 851759",Tim mạch,10.11,Quý ông Huy Hoàng,15/01/2026
a4704d48-5128-49b1-b8ed-e0ca20156a72,Nhật Dương,308122960014,27/11/2005,0883613274,john89@example.org,"80 John Khu
Quận JanePhường, 336422",Huyết áp cao,10.51,Minh Thế Trần,18/02/2026
8d03f17a-f4d3-45c1-a293-19fa3240d7a1,Hoàng Vũ,736571213546,06/02/2008,0584186692,maijohn@example.net,"995 John Ngõ
Huyện JohnXã, 536822",Tim mạch,8.1,Chi Mai,26/02/2026
7ba24588-4d56-4a3d-b4e7-069aa4540937,Quý cô Thảo Dương,506541375201,04/06/1945,0524090793,lejane@example.com,"92 Đặng Tổ
JohnHuyện, 639995",Huyết áp cao,11.36,Thành Phạm,01/04/2026
3f779cae-7318-496d-8479-06121f5d988f,Cô An Vũ,088802911831,11/10/1987,0849629414,kpham@example.com,"278 Dương Khu
JohnThành phố, 512344",Huyết áp cao,6.54,Anh Trung Hoàng,10/03/2026
7eb162f1-4806-4804-8cf0-374c0c74dc0f,Bác Tùng Nguyễn,870638444943,14/02/1950,0880120588,qle@example.net,"06 John Tổ
JohnThị xã, 628750",Khỏe mạnh,7.39,Bác Trọng Hoàng,24/01/2026
64d6dfbf-18c0-4e2b-b99f-070420f0156a,Dũng Phú Lê,134402128176,02/08/1962,0353097275,cmai@example.org,"87 John Tổ
JohnThị xã, 746447",Tim mạch,8.69,Nhiên Đặng,09/04/2026
7d66971e-8847-4c56-827c-9f8cd40ac5e9,Châu Nguyễn,209263585514,17/08/1985,0515436908,john69@example.com,"7 Hoàng Làng
Thị xã JohnXã, 759580",Tim mạch,10.98,Bảo Hải Nguyễn,22/04/2026
30d73df7-1c22-4cea-b355-56a5f2bd92f2,Chi Đặng,254819951809,27/06/1992,0903506271,janepham@example.com,"0 John Tổ
JaneHuyện, 281594",Tim mạch,11.13,Bác Tùng Đặng,12/05/2026
ae455cc6-b88e-430f-9e1e-994ac5a11f5c,Trọng Dương,497826979807,29/08/1961,0892778155,janemai@example.com,"37 Dương Tổ
JaneThành phố, 701334",Tiểu đường,6.38,Kim Phú Lê,26/02/2026
b6d1f6bb-f48f-409c-89a2-24410ac4de85,Thành Dương,755552405062,24/05/1970,0994975329,mpham@example.net,"199 John Đường
Quận JohnThành phố, 533377",Khỏe mạnh,5.24,Châu Đức Lê,02/01/2026
edd97a1a-fa58-4b27-8ce3-e7c3f6eab3a0,Quý cô Hải Dương,726247054655,22/06/2000,0724813674,janedang@example.com,"9 John Hẻm
JohnThành phố, 976822",Tim mạch,7.2,Nhật Xuân Vũ,20/06/2026
9165f2ed-4c63-4e95-825f-55430997623a,Thành Vũ,845415860263,30/04/1997,0835944649,gle@example.com,"27 Lê Đường
JaneXã, 807160",Huyết áp cao,11.79,Chị Duyên Bùi,10/06/2026
1634725b-53f3-4073-83e9-6ef46d7df5d0,Hải Đức Lê,128556681656,18/08/1954,0990997539,pdang@example.org,"45 Hoàng Đường
JanePhường, 347781",Huyết áp cao,8.1,Dương Trần,01/04/2026
afa28559-67c9-4204-a8e3-33b64e8adc4b,Tú Vũ,862513111964,07/07/1985,0963817905,johnle@example.com,"87 John Ngõ
JaneThành phố, 691573",Huyết áp cao,8.72,An Mai,25/06/2026
89628f6e-929c-43b3-b3c0-8bf18167999f,Chị Thành Mai,940207029683,18/08/1995,0854939314,phamjane@example.org,"728 Dương Đường
JanePhường, 122827",Tim mạch,8.57,Hạnh Văn Phạm,23/04/2026
58330b30-6c77-4e95-8b98-1ccd12b2102d,Phương Nguyễn,498490314857,19/11/1944,0841727673,snguyen@example.com,"6 Bùi Dãy
JaneThành phố, 815894",Tim mạch,10.51,Bà Hà Lê,15/04/2026
ba54e920-2099-4180-8762-3997649f7d88,Cô Vi Nguyễn,190070501813,06/02/1976,0317615326,bmai@example.net,"752 Phạm Ngõ
Thị xã JohnQuận, 316092",Tim mạch,7.5,Hà Hoàng,07/01/2026
b40a9181-ac09-4db7-9908-6e477249f62c,Mai Nguyễn,513900979282,29/03/1990,0942681259,ipham@example.org,"843 Hoàng Tổ
Huyện JohnPhường, 646571",Tim mạch,8.63,Quý cô Thảo Vũ,12/01/2026
e134edfc-9777-4f10-b2d2-393f8e85140d,Quý cô Phương Dương,957804915338,15/11/1941,0310442944,jane85@example.net,"62 Phạm Làng
JohnThị xã, 160423",Huyết áp cao,4.15,Kim Trí Bùi,17/02/2026
a58e83dd-548c-4d84-b40d-e04941476506,Nhật Đặng,681975152676,29/01/1948,0964673733,johnvu@example.com,"398 Jane Làng
JaneThành phố, 322096",Tim mạch,8.11,Cô Yến Dương,27/06/2026
b42a2d93-9aba-4f15-b214-90623e1a963e,Quý cô Xuân Phạm,952301585925,07/04/1979,0338453974,jane78@example.net,"87 Trần Dãy
JohnHuyện, 428122",Tim mạch,7.51,An Hải Lê,04/01/2026
95831d58-ef4c-4119-8da5-d39b42c21797,Hạnh Trí Phạm,839967842501,21/05/1980,0940812091,janehoang@example.org,"77 Lê Tổ
Quận JaneQuận, 668471",Huyết áp cao,11.6,Vân Nguyễn,12/06/2026
d1682e09-f1f7-4904-9307-5157d8c128e7,Vi Nguyễn,872422532653,15/08/1991,0389788493,johntran@example.net,"7 Nguyễn Dãy
JohnThành phố, 658065",Khỏe mạnh,9.03,An Văn Mai,21/05/2026
49646b96-fa3c-4628-8926-21df465568b7,Vân Bùi,196088906064,22/11/1959,0898856377,tranjohn@example.org,"46 Jane Số
JohnPhường, 336828",Tiểu đường,6.9,Vũ Nguyễn,19/01/2026
8d7dd772-608e-4f5c-a117-727067c0518b,Ông Nam Lê,089521400766,30/09/1946,0922632239,pbui@example.com,"0 John Dãy
JohnThành phố, 817675",Khỏe mạnh,5.91,Tùng Hoàng,08/05/2026
d9b59f84-edc3-41c3-adea-2d2d086c405f,Nam Hoàng Hoàng,898546915756,12/02/1955,0592002052,ttran@example.org,"8 Bùi Hẻm
Huyện JohnThành phố, 558320",Huyết áp cao,11.84,Cô Linh Hoàng,30/05/2026
658e54a2-9879-4f35-b471-99869d264599,Nam Đức Dương,061962684657,07/04/2002,0316447881,janemai@example.com,"943 John Khu
Thị xã JohnPhường, 508548",Tiểu đường,9.19,Quang Đức Trần,02/01/2026
5c238d8d-71da-45b9-8eea-9db8f165d779,Tú Lê,313844378172,17/05/1947,0939002265,janeduong@example.net,"015 Jane Số
Huyện JaneThị xã, 917018",Huyết áp cao,6.58,Nhật Mai,25/06/2026
926bffa5-3e24-4fbf-ba69-8cd2fe2390f3,Quý cô Bảo Lê,584782600003,04/02/1972,0725199820,jane72@example.org,"47 Jane Khu
Thị xã JohnThị xã, 212168",Khỏe mạnh,7.29,Bà An Bùi,06/03/2026
cdd7f460-6140-47d3-9ec4-ea48d773f98d,Bảo Tấn Bùi,775459803425,07/01/1954,0784225273,jane93@example.com,"47 Jane Số
JaneHuyện, 219420",Khỏe mạnh,10.59,Chị Dương Mai,06/01/2026
f166cdcf-762c-4fbc-ba2a-a7baf3f81c31,Quý cô Vi Vũ,782407505527,26/11/1944,0874427114,iduong@example.net,"2 Bùi Ngõ
JaneXã, 520274",Tim mạch,8.1,Phương Thị Đặng,17/05/2026
98049562-8972-4bbd-8ff2-b1c4e53f9644,Hà Phạm,151601563656,23/10/1983,0856783465,johnhoang@example.net,"61 John Khu
Quận JaneHuyện, 510133",Khỏe mạnh,9.45,Anh Quang Nguyễn,04/04/2026
eba900e1-6a7d-4d96-8ba1-72331ac3bf31,Hà Lê,367227720533,25/11/1982,0794065088,jane73@example.net,"775 Jane Đường
Thành phố JanePhường, 214675",Tim mạch,4.85,Chị Phương Lê,18/04/2026
6d268b37-8f52-42d3-94bb-bcf828fea761,Anh Thành Lê,874056161437,10/11/1960,0318583271,bbui@example.net,"96 Nguyễn Làng
Huyện JohnXã, 206694",Khỏe mạnh,9.96,Bà Thành Phạm,30/03/2026
dcd5bfae-abb3-46a7-8329-97801d2c2721,Bác Trọng Bùi,282520036578,01/12/1988,0706827081,dangjane@example.com,"9 John Tổ
Quận JaneThành phố, 291936",Tiểu đường,7.95,Hoàng Hữu Bùi,26/04/2026
6c4c450b-623a-40fc-9326-7d25234b4562,Quý cô Hải Mai,045404141999,26/01/1959,0924669506,janevu@example.org,"0 Nguyễn Dãy
Quận JaneXã, 629990",Tiểu đường,9.21,Quý ông Châu Bùi,18/05/2026
2ad11fe8-7d1b-495e-b1a0-449dd703262f,Khoa Nguyễn,004404974707,04/07/1965,0847501321,john43@example.net,"7 John Khu
JohnPhường, 562806",Tim mạch,7.41,Quý cô Hương Phạm,27/02/2026
7321a8b2-0840-405a-bfd2-f491dff389aa,Quang Trần,821256357037,02/04/1995,0582646453,phamjohn@example.net,"9 Lê Hẻm
Quận JohnXã, 467856",Tim mạch,5.35,Trọng Mai,02/02/2026
4aea1b8f-b43c-4e0a-ba9f-c10e52daf681,Nhiên Vũ,408951127719,03/07/2005,0730813714,lejane@example.org,"Quận JohnQuận
672 Bùi Số, 573947",Tim mạch,7.96,Hải Trần,20/03/2026
b1d81887-4739-4c7b-bff3-0c8d83ff3e96,Bảo Mai Bảo Đặng,672920239273,30/10/1935,0730935065,duongjane@example.org,"637 Đặng Khu
JohnXã, 993829",Tiểu đường,11.56,Bác Hưng Nguyễn,20/01/2026
75a72686-d632-4d31-88ac-ffcfa04d4d14,Hương Lê,490186495127,21/07/1995,0340461243,bnguyen@example.org,"Huyện JohnHuyện
5 Trần Tổ, 796787",Tiểu đường,4.83,Cô Kim Vũ,21/05/2026
6de21429-3bf0-49c1-8156-e501b30e96e8,Nhật Trần,951954465490,23/08/1935,0329826363,janetran@example.org,"051 Lê Dãy
Quận JaneThành phố, 866260",Tiểu đường,8.87,Hà Đặng,13/03/2026
61fa01ba-231a-47c7-8c9b-ff5ce1887eaf,Chị Hà Mai,517015727985,24/08/1936,0560145430,janedang@example.net,"97 John Ngõ
Thành phố JaneHuyện, 550246",Khỏe mạnh,8.37,Hoàng Hải Vũ,06/05/2026
99db1302-8dab-46d3-bf87-dfc2159152f2,Nam Vũ,246985011557,15/06/1963,0785709762,janevu@example.net,"61 Jane Ngõ
Huyện JaneQuận, 505629",Huyết áp cao,4.58,Thành Xuân Dương,30/05/2026
1149d096-965d-444f-8445-c1a812af97e4,Thảo Phạm,182409478709,29/11/1940,0901629609,buijane@example.net,"61 Jane Ngõ
JohnXã, 313068",Huyết áp cao,3.53,Bà Kim Hoàng,04/05/2026
ae59aa52-a65b-422b-95a3-86d9c362a810,Hạnh Bùi,207220704123,21/12/1967,0358087340,phamjohn@example.com,"21 John Đường
Thị xã JaneXã, 642347",Huyết áp cao,7.65,Phúc Đặng,25/01/2026
44cdbfdd-df9b-441e-87f7-bda1bff15840,An Đặng,570608129114,03/12/1993,0849159482,john49@example.net,"5 Jane Hẻm
JohnHuyện, 910894",Tim mạch,6.34,Khoa Trần,14/02/2026
0b461173-00a8-4473-8242-5912bda3c162,Mai Nguyễn,630229846336,13/09/1999,0790205620,jane22@example.org,"536 Vũ Ngõ
JohnXã, 806033",Khỏe mạnh,11.68,Lan Phạm,06/06/2026
f43e8c48-0bc1-49e5-bb3d-f0638409c5ea,Hà Mai Vũ,523714045618,11/10/1977,0804396708,john87@example.org,"4 Jane Tổ
JohnPhường, 673108",Khỏe mạnh,5.74,Chị Ngọc Bùi,05/01/2026
a2cd1590-58af-493c-8aa2-b4c93ba5bd76,Linh Nguyễn,964362088152,14/09/1986,0594492548,john38@example.org,"410 Jane Tổ
JohnXã, 200219",Tim mạch,8.6,Quý cô Hà Hoàng,21/04/2026
f6d70248-a995-4cc3-af5b-09a60ff1c51f,Chị Hạnh Vũ,396657384678,14/05/1978,0519979142,udang@example.com,"291 John Hẻm
JaneHuyện, 526259",Tiểu đường,7.88,Phương Đặng,30/05/2026
769de1e3-4eed-4124-b3b0-d6763527a5c8,Tú Trần,388905220750,11/12/1956,0574545198,john35@example.org,"68 Jane Khu
Thành phố JaneThị xã, 682959",Khỏe mạnh,3.73,Cô Chi Trần,06/06/2026
030f9be9-1f17-4f93-a3c9-7a1ecb371d97,Ánh Phạm,964854035804,13/04/1953,0585466494,janedang@example.net,"9 Trần Đường
Quận JaneQuận, 196446",Tiểu đường,7.78,Tú Thị Dương,10/01/2026
6ee35607-92ea-4324-ac93-e5962b015723,Nhật Văn Bùi,985928840078,24/07/1993,0537663446,janepham@example.org,"099 Jane Dãy
JaneThành phố, 191982",Khỏe mạnh,8.94,Thành Lê,23/03/2026
cc152a1b-e278-4642-a484-e035330faaa3,Cô Hồng Đặng,173519381517,11/10/2000,0344394934,kdang@example.net,"059 John Khu
Thị xã JaneXã, 344068",Tim mạch,3.6,Cô Lâm Phạm,21/02/2026
ead18464-ca8e-458c-90f8-1063889fe107,Vi Phạm,350487275095,10/05/1988,0742591761,john23@example.net,"0 Hoàng Hẻm
Thị xã JaneQuận, 614259",Huyết áp cao,4.72,Hương Nguyễn,15/02/2026
86c5547c-051a-4039-b803-dcee9a069295,Ông Dũng Hoàng,669603710490,29/11/1962,0711299003,janele@example.com,"2 Jane Ngõ
JaneXã, 205939",Tiểu đường,7.34,Khoa Tấn Lê,31/01/2026
cab63107-6fd6-4b3a-b2dd-9456bb7b6c05,Bác Phúc Mai,645534162021,21/01/1984,0321170690,johnbui@example.com,"209 Hoàng Đường
Huyện JohnPhường, 693022",Huyết áp cao,7.11,Nhật Lê,06/03/2026
58c88c48-3ced-4d1f-93eb-22c9beced21a,Phúc Quang Đặng,865192847227,12/04/1996,0918396086,vujohn@example.org,"10 Jane Dãy
JohnThị xã, 617033",Khỏe mạnh,8.78,Thành Hữu Trần,10/06/2026
93fb71d0-dd32-4d9c-89ea-356a7abfcebf,Chị Chi Trần,410877390676,15/01/1940,0710354117,john54@example.org,"21 Jane Dãy
Thị xã JohnXã, 555292",Tiểu đường,5.69,Cô Hà Đặng,09/02/2026
b27b7bb4-68c6-40b2-b0a2-cee8f9722cc1,Khoa Vũ,798642432288,28/10/1967,0917383233,nguyenjane@example.net,"050 Trần Khu
JohnThành phố, 126985",Huyết áp cao,7.56,Chị Dương Vũ,16/01/2026
4ef03f80-1d91-4e39-9801-4004793bed1b,Nhật Mai Bảo Vũ,646213606478,24/11/1947,0875274165,xle@example.com,"477 Phạm Khu
Quận JohnThành phố, 800596",Khỏe mạnh,9.29,Tùng Bảo Hoàng,14/02/2026
6319629b-d73e-4bb9-8f9c-a17b8db8dadf,Phương Mai Bảo Hoàng,747391170559,25/07/1967,0323113817,fvu@example.com,"9 John Dãy
Quận JohnQuận, 232315",Khỏe mạnh,6.53,Hồng Trần,13/05/2026
d2938e6e-ff4d-4930-b3b0-fb536f75ee8a,Bà Thành Trần,278760624399,04/05/1947,0914823644,zmai@example.net,"7 Jane Ngõ
JohnQuận, 694116",Tim mạch,9.38,Hà Hoàng,01/06/2026
de12dbf1-493d-4196-8926-a02119da8262,Huy Đức Bùi,532356598941,31/07/2001,0391682752,lnguyen@example.com,"653 Jane Khu
JohnHuyện, 957091",Khỏe mạnh,4.72,Khoa Vũ,13/06/2026
af527666-b239-49f4-9bb5-46457ddac1b6,Lâm Lê,580032418186,21/05/1976,0764651616,rdang@example.net,"736 Mai Tổ
Quận JohnHuyện, 844037",Tiểu đường,4.84,Bảo Văn Lê,07/02/2026
d6441a9d-3362-4476-953a-e57fe00bd534,Mai Nguyễn,497371587762,13/08/1997,0701511554,dangjohn@example.com,"6 John Làng
JaneXã, 567773",Khỏe mạnh,7.11,Quý cô Khoa Mai,09/03/2026
e4fd6c34-d670-4a21-a9dc-073e5820b3f2,Vũ Vũ,046817357533,25/03/1939,0540492432,knguyen@example.net,"334 Mai Đường
Thị xã JohnPhường, 281614",Tiểu đường,10.59,Mai Vũ,29/04/2026
b676291d-4e32-4b4b-b168-c605ce1a1669,Huy Bùi,812455469423,14/12/1982,0833692163,nvu@example.com,"1 Jane Khu
JohnThị xã, 166938",Tiểu đường,10.26,Anh Tấn Vũ,20/02/2026
e4729be5-f3c2-444a-b60a-3dcca7f77451,Trung Lê,023548042088,23/11/2005,0545908611,johnhoang@example.com,"0 Vũ Khu
JaneThị xã, 872519",Huyết áp cao,9.32,Duyên Hoàng,08/06/2026
b69f5eab-b9ff-4c29-97d9-cbb0309e47ba,Quý cô Xuân Đặng,454867503985,15/07/2004,0355811899,john82@example.com,"4 Jane Ngõ
Huyện JohnPhường, 422002",Khỏe mạnh,4.56,Thành Phú Vũ,24/04/2026
1e26ed31-d9e9-4758-b6b9-04364b46ef33,Ông Nhiên Hoàng,171584879036,09/03/1945,0805098982,gpham@example.org,"4 Nguyễn Hẻm
Quận JaneThị xã, 697062",Huyết áp cao,4.32,Anh Dũng Lê,01/06/2026
a18b5d15-5527-4407-bcd2-192f14b00f62,Bà Hải Nguyễn,814252677753,19/02/1936,0881136608,nvu@example.org,"12 Bùi Số
JaneThị xã, 104895",Tiểu đường,9.01,Vân Phạm,22/05/2026
e45a87e8-039a-4ed5-b337-b2615f8392d5,Minh Hoàng Nguyễn,150280251841,20/01/1936,0777913223,johndang@example.com,"9 Lê Ngõ
Huyện JaneThị xã, 863187",Tim mạch,3.54,Huy Trí Đặng,25/06/2026
303cb04b-c007-4336-9bf7-dda17d7c59a5,Quý cô An Phạm,339006139412,09/01/1966,0388838229,johnnguyen@example.net,"06 Mai Đường
Thành phố JohnThành phố, 823255",Tiểu đường,11.87,Kim Dương,15/03/2026
797209c0-40b3-44f8-8c1a-b2c71fa3ed1f,Chị Nhật Nguyễn,916807076909,22/06/1976,0322821064,qtran@example.net,"18 Jane Ngõ
Thị xã JohnXã, 309452",Huyết áp cao,4.39,Minh Phạm,11/03/2026
290e3e89-4b9c-42f4-a8e5-c8cdb4146e4a,Vân Dương,286209519322,05/10/1963,0896392268,pdang@example.org,"972 John Ngõ
JohnThị xã, 410401",Huyết áp cao,9.12,Bảo Nguyễn,20/01/2026
0a190939-dfc7-4b26-acb9-41fcd02c75f9,Quang Đặng,296344062823,21/06/1993,0838426717,tranjohn@example.org,"57 Trần Tổ
JohnThành phố, 520245",Tim mạch,10.54,Nhật Đức Bùi,14/05/2026
6bf7240f-ccc6-4fed-ba6e-43d0d9c59cd9,Cô Bảo Nguyễn,648101648947,09/03/1957,0573080689,buijane@example.net,"6 Hoàng Đường
Thị xã JaneThành phố, 531262",Khỏe mạnh,8.2,Ông Vũ Vũ,08/05/2026
de4b061e-b45e-4463-832a-09e05071e5f0,Bà Vân Mai,600538241702,15/06/1948,0996086564,epham@example.com,"890 John Dãy
JohnThành phố, 887931",Khỏe mạnh,5.73,Bác Quang Đặng,24/02/2026
8ced4707-3903-4b65-81c6-1eeb0ce3c8c8,Kim Hải Trần,975130447107,22/12/1997,0395680208,choang@example.org,"17 John Số
JohnXã, 675771",Huyết áp cao,9.52,Ánh Trần,03/06/2026
a335b2c8-9e7b-4e95-b692-641a9aad10ce,Minh Mai,073247970128,24/08/1963,0940167081,xdang@example.org,"89 Đặng Dãy
Thành phố JohnThành phố, 457938",Huyết áp cao,8.53,Khoa Phú Trần,09/01/2026
23f47a55-7e0f-40b2-aa06-1609e599bd3c,Hà Đức Hoàng,902321148633,27/02/1962,0313043631,johnbui@example.org,"5 Jane Đường
Thị xã JanePhường, 717942",Huyết áp cao,10.01,Quý cô An Mai,23/05/2026
6ecca931-ef70-4d01-8da0-3d880c6f3051,Anh Nhiên Lê,297805541939,18/12/1952,0845552492,buijane@example.net,"3 Bùi Tổ
JaneQuận, 244892",Khỏe mạnh,8.5,Khoa Thế Mai,17/06/2026
ef7db821-bca0-458e-b63d-65d5505c7527,Chị Mai Hoàng,647286907811,15/01/1975,0718334353,john28@example.net,"1 Mai Dãy
JaneThị xã, 947568",Huyết áp cao,7.24,Vân Trần,05/01/2026
ab95c72f-0d95-4af5-a534-21bc6180b78a,Mai Vũ,620264387767,25/05/1957,0573790642,jane20@example.net,"0 Dương Ngõ
Thị xã JohnXã, 922405",Khỏe mạnh,6.11,Hưng Bùi,17/03/2026
f9cf8499-c9c1-4d45-b4ea-6b976aa415b5,Tùng Thị Nguyễn,755715045798,13/09/1969,0948359852,janepham@example.net,"8 John Khu
JohnPhường, 178086",Huyết áp cao,8.2,Chị Nhật Mai,24/01/2026
4773e66a-6db2-4020-8a67-01436090103c,Hoàng Lê,593933513790,14/03/1970,0751392831,dangjane@example.net,"590 Dương Tổ
Huyện JohnQuận, 645895",Khỏe mạnh,10.73,Phương Lê,22/03/2026
1789be63-6746-4743-897b-303d8b074d1a,Quang Hoàng Đặng,816378291073,20/07/1980,0338372490,jane39@example.net,"573 John Tổ
JohnThị xã, 369054",Tiểu đường,6.64,Nam Mai,09/06/2026
cd8565ce-83a9-4235-9ffd-4015c53f1db3,Quý ông Hưng Vũ,371748322945,10/09/1961,0975667301,john12@example.net,"361 Jane Ngõ
Thành phố JanePhường, 447828",Tim mạch,5.45,Hương Trần,11/01/2026
8ede9b46-407d-4aff-8b51-a9112d90e4ee,Khoa Phạm,725989070210,11/09/1970,0840850955,cbui@example.net,"618 John Đường
Huyện JohnHuyện, 925115",Tim mạch,10.64,Trọng Trần,24/02/2026
61a451ff-700b-4b43-ad3b-9d13c3e90323,Hải Văn Dương,539614403562,07/10/1956,0579979546,johnbui@example.net,"50 John Đường
Thị xã JohnHuyện, 320256",Tiểu đường,3.97,Trung Bảo Mai,28/01/2026
9dec2b83-3885-4f7e-af1a-25a829344e15,Trung Trần,554500825067,05/03/1960,0719008596,maijane@example.net,"1 Trần Làng
JaneHuyện, 234443",Khỏe mạnh,11.26,Cô Thảo Hoàng,14/01/2026
7c6166df-515a-4b43-b189-1f48e66e2c11,Bác Trọng Vũ,703643780812,26/03/1956,0879088214,jane62@example.org,"6 Đặng Hẻm
JaneThị xã, 566991",Tiểu đường,10.62,Khoa Mai Bảo Mai,22/01/2026
14fc3a5d-9b4b-4377-a542-deb92cff45f8,Hoàng Mai,827189852603,24/03/1962,0711701628,john10@example.net,"3 Jane Dãy
Huyện JaneQuận, 909652",Tiểu đường,8.11,Hoàng Dương,08/04/2026
5d264b1b-6593-4659-972e-8c6882aa5c46,Dương Phạm,987907896064,24/01/1958,0574744818,janele@example.org,"7 Nguyễn Làng
JohnThành phố, 377198",Tim mạch,11.92,Quang Thị Phạm,11/04/2026
635a11f2-5c7a-483d-8a9d-2704e860bcb1,Quý ông Hưng Nguyễn,754643277173,07/08/1979,0802053293,maijane@example.net,"65 Jane Số
Thị xã JaneHuyện, 610511",Huyết áp cao,6.02,Ông Minh Lê,27/03/2026
83b8fa05-13bc-4dc6-bae0-acdb2a6524af,Trung Lê,994748008074,06/12/1960,0951542913,janehoang@example.net,"51 Dương Dãy
Quận JaneThành phố, 355506",Khỏe mạnh,5.56,Lan Hoàng,26/04/2026
833c8f55-a129-4fa2-a27d-4660293fc266,Xuân Hoàng,485332922097,25/06/1955,0873877463,lejane@example.org,"9 Jane Ngõ
Thị xã JaneThị xã, 278852",Huyết áp cao,9.47,Quý cô Duyên Lê,04/06/2026
2e8ff5a8-c47a-4b7e-9209-383b95284c0a,Phúc Đặng,852710178958,18/03/1997,0593025769,phamjane@example.com,"886 John Hẻm
JohnXã, 627778",Huyết áp cao,5.11,Hà Dương,09/05/2026
8a0ea57a-9a7d-409d-a6e8-790b215d3b1f,Xuân Bùi,098113133193,17/07/2006,0718239392,cdang@example.net,"65 Jane Hẻm
JaneQuận, 187889",Tiểu đường,11.22,Trọng Mai,21/03/2026
b58ac738-0166-4221-b063-ae7f41ff81d1,Duyên Mai,533097938711,13/07/1951,0973900660,buijohn@example.net,"12 Hoàng Khu
JaneXã, 483405",Khỏe mạnh,10.01,Thành Phạm,22/03/2026
7b8301cf-8ebc-4d7e-88a6-5b858d56bff6,Bà Phương Mai,229297328658,01/05/2001,0960885621,jane95@example.net,"1 Jane Hẻm
Quận JaneHuyện, 939756",Huyết áp cao,8.95,Lan Bùi,04/05/2026
d2c0dec2-1751-44d7-8deb-2696015aba1d,Quý cô Khoa Bùi,834904629915,28/06/1947,0739734650,vujohn@example.com,"6 Hoàng Khu
Quận JaneThị xã, 111230",Tiểu đường,5.39,Bà Mai Nguyễn,02/06/2026
b2cd9a0a-840c-4cb0-82b3-43849979cf26,Chị Dương Nguyễn,314859952391,14/06/1984,0557720610,johnle@example.org,"JanePhường
93 John Ngõ, 676289",Khỏe mạnh,4.19,Tùng Hoàng,09/03/2026
46c937e0-d0c5-4550-b69a-053958f42098,Chị Chi Bùi,357774235942,16/02/1936,0793311841,john68@example.org,"18 Mai Khu
JaneXã, 607122",Tim mạch,10.79,Bà Vi Dương,13/05/2026
dcad8ec2-963a-4333-a582-95dc75f1c654,Chi Trần,411801215284,01/08/1970,0756470934,buijohn@example.net,"58 Jane Làng
JohnThị xã, 806423",Huyết áp cao,7.0,Vũ Xuân Dương,02/03/2026
92ded495-e4f1-48e8-b7f3-f32b5a81762a,Phúc Phạm,890694920981,29/05/2003,0962593546,johnpham@example.com,"952 John Ngõ
JohnXã, 144316",Tiểu đường,8.38,Bác Trọng Đặng,06/04/2026
e5a1c6e4-e188-4146-bc40-a3d4e5eb4549,Châu Lê,019519280177,21/01/2005,0710519732,jane39@example.org,"80 Bùi Hẻm
JohnPhường, 643377",Tiểu đường,10.07,Bác Nam Nguyễn,11/05/2026
19ca9c1b-94bc-447a-a122-318935f3de4a,Quang Đức Lê,694992752853,08/04/1971,0870720216,janeduong@example.net,"63 Đặng Tổ
JaneThị xã, 288627",Tim mạch,6.54,Chị Hà Vũ,06/06/2026
db370ca7-6ea5-4341-8e2a-c3ff3c5dba42,Lâm Trí Lê,125055588860,13/11/1999,0791775702,lejane@example.com,"44 Jane Ngõ
Thành phố JohnHuyện, 599687",Tiểu đường,10.56,Nhật Đặng,20/02/2026
8eb7c306-8f73-498e-9c3d-0d5f5c6801d6,Quang Nguyễn,324709138814,14/07/1991,0892074012,dangjohn@example.net,"55 Dương Ngõ
JaneThị xã, 762398",Tiểu đường,4.79,Chị Hải Đặng,23/03/2026
679f2f42-9256-4707-9cc0-5b67a19b224a,Hà Lê,679365071241,05/04/1982,0590101407,janedang@example.net,"6 Dương Tổ
JaneQuận, 292818",Tim mạch,8.0,Lan Phạm,09/05/2026
b360dfaa-be6e-4d47-b0c0-804b406bf02d,Lâm Lê,282146180923,13/07/1989,0394313302,tranjohn@example.com,"81 Jane Hẻm
Thị xã JaneQuận, 359414",Tim mạch,6.94,Bảo Lê,26/01/2026
075072d6-2bac-4712-96a9-19e886d895e5,Dương Đặng,640064136605,02/10/1979,0975699741,iduong@example.com,"8 Jane Số
JaneThị xã, 665883",Khỏe mạnh,6.46,Cô Chi Vũ,13/03/2026
4db6f475-27dd-4ac4-8282-b6e46986305a,Ngọc Mai,082692246528,16/01/1954,0778783880,jane78@example.org,"40 Vũ Làng
Huyện JohnThị xã, 687783",Tim mạch,4.52,Kim Hải Lê,19/05/2026
d413c850-63c4-476d-a55f-a725bcb3c168,Lâm Đức Trần,224252493727,16/12/1992,0987204732,janevu@example.net,"31 John Khu
Thị xã JaneHuyện, 834498",Huyết áp cao,9.05,Anh Dũng Nguyễn,30/01/2026
05aa5eab-88f3-47ea-b83f-52740cb4afe1,Cô Hạnh Vũ,865399587791,05/07/1952,0525415440,onguyen@example.org,"564 Đặng Dãy
Huyện JohnQuận, 158760",Huyết áp cao,4.21,Thành Trần,16/04/2026
e54c8739-3133-439e-ae7d-952b785b8a07,Thành Nguyễn,325468633701,03/02/1952,0379899446,janeduong@example.org,"718 Jane Số
JaneQuận, 759726",Khỏe mạnh,7.21,Yến Mai,12/04/2026
a3760c2d-7b31-4cdc-80d9-1a8e1f44aa88,Trung Đặng,717215804440,01/08/1942,0328592743,johnpham@example.net,"491 Phạm Đường
Thị xã JohnHuyện, 908239",Khỏe mạnh,10.21,Lâm Lê,08/04/2026
56a2d49d-9e5f-4273-af9a-116817661795,Ngọc Đặng,246371027701,10/06/1956,0803400230,lejane@example.org,"30 Đặng Hẻm
JohnThị xã, 840951",Khỏe mạnh,4.3,Bác Tùng Dương,06/02/2026
59008d65-8b2a-4759-afc6-c4e691135d7e,Bảo Đức Hoàng,666405839680,25/04/1957,0805961414,maijohn@example.com,"5 Nguyễn Số
Thành phố JaneXã, 350385",Tim mạch,11.98,Vũ Hữu Phạm,12/04/2026
8d2cfe83-c407-4654-bf5f-61aaaee7c7a5,Bà Thành Bùi,241513103766,27/04/1979,0386913448,tranjohn@example.org,"031 Phạm Ngõ
Thị xã JaneXã, 754280",Tim mạch,11.16,Hưng Đặng,12/02/2026
03599c6d-1224-4bd2-b7c4-b3ee9b1fc6d1,Quý cô Xuân Trần,092478943143,13/03/1999,0941064387,dangjane@example.com,"4 John Khu
Quận JohnThành phố, 860397",Khỏe mạnh,4.96,Quý cô Mai Phạm,13/04/2026
a0154d65-91ed-454a-bfae-ef01a8290f3c,Quý cô Nhật Trần,380027667635,18/03/1984,0352849632,gbui@example.org,"5 Jane Tổ
JaneHuyện, 532373",Tim mạch,6.97,Nhật Tấn Hoàng,16/02/2026
60042231-36c3-4e85-8bae-295e902a405c,Quang Dương,511735546160,25/05/1996,0967320685,unguyen@example.org,"Quận JaneThành phố
350 Mai Hẻm, 198867",Tiểu đường,10.99,Chi Đặng,31/01/2026
e3be7ca0-5df9-44fb-83d6-43ed236eb832,Chị Thảo Vũ,597301948859,01/01/1948,0384591306,nhoang@example.net,"27 Jane Đường
JohnThành phố, 908348",Huyết áp cao,9.54,Quang Bảo Bùi,18/06/2026
3a0a2b59-c538-4872-9eaa-543e1edbbe71,Dương Bùi,156486546256,10/11/1942,0803924230,john58@example.net,"067 John Số
JaneQuận, 238610",Tiểu đường,7.62,Vũ Mai Bảo Hoàng,25/05/2026
4336ffe5-6631-46a7-8c53-b74c0c9fa6e6,Kim Mai,704830916404,17/08/1994,0905016750,johnduong@example.net,"9 John Làng
Huyện JaneHuyện, 817999",Khỏe mạnh,5.38,Hà Bùi,24/03/2026
521be8c2-30c3-4f8a-992a-b43d5d822e3a,Trọng Văn Vũ,799477450174,12/07/1958,0582510352,jane92@example.com,"521 John Làng
Huyện JohnHuyện, 827497",Huyết áp cao,10.54,Hạnh Dương,02/04/2026
bd717da3-3581-4632-94f5-df7005d2d205,Chị Vân Mai,541275904310,11/09/1970,0789972588,uhoang@example.org,"98 Jane Hẻm
Huyện JohnPhường, 747983",Huyết áp cao,11.63,Hưng Dương,08/05/2026
637e3f94-110c-4d92-8222-305df1f71605,Quang Trần,328648945321,02/02/1938,0300204282,jane36@example.net,"Huyện JaneXã
387 John Làng, 655132",Huyết áp cao,9.43,Dũng Dương,18/03/2026
58c69158-04b4-4ac9-a831-7f0dbe9063fb,Quang Thế Phạm,433347655556,18/09/2003,0950854559,john46@example.org,"256 John Số
Thị xã JohnXã, 260169",Huyết áp cao,3.91,Hạnh Tấn Dương,16/04/2026
2379c05f-a708-4280-b4ee-0b6721bbd183,Chị Thảo Mai,449491180027,25/11/1953,0831843092,ple@example.net,"881 Jane Hẻm
Huyện JaneThị xã, 418083",Tim mạch,5.37,Bác Hoàng Phạm,21/01/2026
